station,annual_2023
"138 St-Grand Concourse (4,5)",785271
"149 St-Grand Concourse (2,4,5)",2087779
"161 St-Yankee Stadium (B,D,4)",5316351
167 St (4),1901393
"167 St (B,D)",1411144
170 St (4),1448193
"170 St (B,D)",1001022
"174 St (2,5)",1118781
"174-175 Sts (B,D)",774167
176 St (4),1041352
"182-183 Sts (B,D)",824845
183 St (4),1188844
"219 St (2,5)",490047
"225 St (2,5)",589541
231 St (1),1894047
"233 St (2,5)",845056
238 St (1),959752
3 Av-138 St (6),1750592
"3 Av-149 St (2,5)",3333256
"Allerton Av (2,5)",874229
Baychester Av (5),540493
"Bedford Park Blvd (B,D)",1166942
Bedford Park Blvd-Lehman College (4),1182701
"Bronx Park East (2,5)",456352
Brook Av (6),1104521
Buhre Av (6),758972
"Burke Av (2,5)",532937
Burnside Av (4),1891402
Castle Hill Av (6),1051526
Cypress Av (6),501060
East 143 St-St Mary's St (6),254155
East 149 St (6),966053
"East 180 St (2,5)",1690373
Eastchester-Dyre Av (5),727475
Elder Av (6),1214084
Fordham Rd (4),2269772
"Fordham Rd (B,D)",1842281
"Freeman St (2,5)",822237
"Gun Hill Rd (2,5)",1214663
Gun Hill Rd (5),925025
Hunts Point Av (6),2140557
"Intervale Av (2,5)",580512
"Jackson Av (2,5)",919324
Kingsbridge Rd (4),1958074
"Kingsbridge Rd (B,D)",1140981
Longwood Av (6),686670
Middletown Rd (6),401976
Morris Park (5),521846
Morrison Av-Soundview (6),1221900
Mosholu Pkwy (4),1728114
Mt Eden Av (4),990912
"Nereid Av (2,5)",583996
Norwood-205 St (D),1196666
Parkchester (6),3295956
Pelham Bay Park (6),1180813
"Pelham Pkwy (2,5)",1686103
Pelham Pkwy (5),564687
"Prospect Av (2,5)",1248614
"Simpson St (2,5)",1336897
St. Lawrence Ave. (6),816020
"Tremont Av (B,D)",1192367
Van Cortlandt Park-242 St (1),1409910
Wakefield-241 St (2),794723
"West Farms Sq-East Tremont Av (2,5)",997755
Westchester Sq-East Tremont Av (6),773043
Whitlock Av (6),385838
Woodlawn (4),1299027
Zerega Av (6),504725
"15 St-Prospect Park (F,G)",1390166
18 Av (D),1336402
18 Av (F),724074
18 Av (N),1190431
20 Av (D),1125752
20 Av (N),931058
25 Av (D),948677
25 St (R),822024
"36 St (D,N,R)",3458960
"4 Av (F,G)/9 St (R)",2832325
45 St (R),1884446
50 St (D),753338
53 St (R),2018914
55 St (D),418218
"59 St (N,R)",2855080
"7 Av (B,Q)",2160144
"7 Av (F,G)",2688069
71 St (D),1069576
77 St (R),1194631
79 St (D),1311172
8 Av (N),2561457
86 St. (N),557808
86 St. (R),2636985
9 Av (D),1263578
Alabama Av (J),365995
Atlantic Av (L),351212
"Atlantic Av-Barclays Ctr (B,D,N,Q,R,2,3,4,5)",9583506
Avenue H (Q),646824
Avenue I (F),381174
Avenue J (Q),1169052
Avenue M (Q),1211324
Avenue N (F),600279
Avenue P (F),538576
Avenue U (F),386152
Avenue U (N),877440
Avenue U (Q),1589246
Avenue X (F),479429
Bay 50 St (D),575901
Bay Pkwy (D),1714685
Bay Pkwy (F),279620
Bay Pkwy (N),1594271
Bay Ridge Av (R),1784703
Bay Ridge-95 St (R),1176225
Bedford Av (L),8399477
Bedford-Nostrand Avs (G),1985142
"Bergen St (2,3)",990992
"Bergen St (F,G)",2701492
Beverley Rd (Q),795709
"Beverly Rd (2,5)",951520
"Brighton Beach (B,Q)",2635382
Broadway (G),1112371
"Broadway Junction (A,C,J,L,Z)",1647748
Bushwick Av-Aberdeen St (L),548179
Canarsie-Rockaway Pkwy (L),861420
"Carroll St (F,G)",2625017
Central Av (M),821947
"Chauncey St (J,Z)",623164
"Church Av (2,5)",1947722
"Church Av (B,Q)",3194658
"Church Av (F,G)",2060505
"Clark St (2,3)",1554195
Classon Av (G),1342389
Cleveland St (J),440455
Clinton-Washington Avs (C),1587595
Clinton-Washington Avs (G),1263928
"Coney Island-Stillwell Av (D,F,N,Q)",3220518
Cortelyou Rd (Q),1296344
"Court St (R)/Borough Hall (2,3,4,5)",6066699
"Crescent St (J,Z)",756318
"Crown Heights-Utica Av (3,4)",5071387
Cypress Hills (J),286484
"DeKalb Av (B,Q,R)",4272247
DeKalb Av (L),2772609
Ditmas Av (F),848061
East 105 St (L),602303
"Eastern Pkwy-Brooklyn Museum (2,3)",1125810
"Euclid Av (A,C)",2146235
"Flatbush Av-Brooklyn College (2,5)",3601151
Flushing Av (G),729349
"Flushing Av (J,M)",1614503
Fort Hamilton Pkwy (D),873254
"Fort Hamilton Pkwy (F,G)",1341506
Fort Hamilton Pkwy (N),1530067
"Franklin Av (2,3,4,5)/Botanic Garden (S)",3312190
"Franklin Av (C,S)",1210340
Fulton St (G),1534593
"Gates Av (J,Z)",1458035
Graham Av (L),2164641
"Grand Army Plaza (2,3)",1653318
Grand St (L),1499646
Grant Av (A),1169287
Greenpoint Av (G),2457616
Halsey St (J),1253085
Halsey St (L),1713746
"Hewes St (J,M)",612920
"High St (A,C)",2247144
"Hoyt St (2,3)",1666303
"Hoyt-Schermerhorn Sts (A,C,G)",2795555
"Jay St-MetroTech (A,C,F,R)",7343495
Jefferson St (L),2075924
Junius St (3),487780
"Kings Hwy (B,Q)",4244252
Kings Hwy (F),711229
Kings Hwy (N),1247257
Kingston Av (3),1017521
Kingston-Throop Avs (C),1444252
Knickerbocker Av (M),862039
Kosciuszko St (J),1214488
Lafayette Av (C),1252720
Liberty Av (C),497050
Livonia Av (L),590252
"Lorimer St (J,M)",890789
Lorimer St (L)/Metropolitan Av (G),3903034
"Marcy Av (J,M,Z)",2864396
Montrose Av (L),1683408
Morgan Av (L),1769142
"Myrtle Av (J,M,Z)",2654490
Myrtle-Willoughby Avs (G),1265040
"Myrtle-Wyckoff Avs (L,M)",5009020
Nassau Av (G),2320186
Neck Rd (Q),956059
Neptune Av (F),320508
"Nevins St (2,3,4,5)",2136592
New Lots Av (3),1066391
New Lots Av (L),697822
New Utrecht Av (N)/62 St (D),1201167
"Newkirk Av (2,5)",1426266
"Newkirk Plaza (B,Q)",2170621
"Norwood Av (J,Z)",458742
Nostrand Av (3),809205
"Nostrand Av (A,C)",3768205
Ocean Pkwy (Q),744994
Park Pl (S),348208
Parkside Av (Q),1348897
Pennsylvania Av (3),868432
"President St (2,5)",742431
Prospect Av (R),1299538
"Prospect Park (B,Q,S)",2150487
Ralph Av (C),1073687
Rockaway Av (3),838719
Rockaway Av (C),1079621
Saratoga Av (3),941203
"Sheepshead Bay (B,Q)",2821135
Shepherd Av (C),559941
"Smith-9 Sts (F,G)",968460
"Sterling St. (2,5)",1227426
Sutter Av (L),479262
Sutter Av-Rutland Rd (3),1272857
Union St (R),1646253
"Utica Av (A,C)",2907120
Van Siclen Av (3),491980
Van Siclen Av (C),525801
"Van Siclen Av (J,Z)",515895
"West 8 St-New York Aquarium (F,Q)",640138
Wilson Av (L),952643
"Winthrop St (2,5)",1628419
York St (F),3345474
1 Av (L),5745700
103 St (1),2892314
103 St (6),2601308
"103 St (B,C)",1033211
110 St (6),2096322
"116 St (2,3)",2014762
116 St (6),2766817
"116 St (B,C)",1459488
116 St-Columbia University (1),3416295
125 St (1),1986493
"125 St (2,3)",2672981
"125 St (4,5,6)",4884086
"125 St (A,B,C,D)",5543346
"135 St (2,3)",2201400
"135 St (B,C)",1083148
137 St-City College (1),2738004
"14 St (A,C,E)/8 Av (L)",10863467
"14 St (F,M,1,2,3)/6 Av (L)",11328347
"14 St-Union Sq (L,N,Q,R,W,4,5,6)",21527757
145 St (1),2100654
145 St (3),574727
"145 St (A,B,C,D)",4678774
"155 St (B,D)",585619
155 St (C),539511
157 St (1),2288380
163 St-Amsterdam Av (C),840255
"168 St (A,C,1)",5161102
175 St (A),2258838
18 St (1),1813302
181 St (1),2416958
181 St (A),1751997
190 St (A),951786
191 St (1),1682168
2 Av (F),4192759
207 St (1),1352957
215 St (1),459810
23 St (1),3154290
23 St (6),5409296
"23 St (C,E)",4370344
"23 St (F,M)",5423352
"23 St (R,W)",4260867
28 St (1),3038057
28 St (6),4380514
"28 St (R,W)",2717163
3 Av (L),1564084
33 St (6),5666586
"34 St-Herald Sq (B,D,F,M,N,Q,R,W)",23680977
34 St-Hudson Yards (7),5494067
"34 St-Penn Station (1,2,3)",15224047
"34 St-Penn Station (A,C,E)",16974543
"47-50 Sts-Rockefeller Center (B,D,F,M)",11387612
"49 St (N,R,W)",5566042
"5 Av-53 St (E,M)",4733296
"5 Av-59 St (N,R,W)",3485505
50 St (1),5893837
"50 St (C,E)",4857531
57 St (F),2582091
"57 St-7 Av (N,Q,R,W)",7787658
"59 St-Columbus Circle (A,B,C,D,1)",15842348
66 St-Lincoln Center (1),4771815
68 St-Hunter College (6),5164087
"7 Av (B,D,E)",3892682
"72 St (1,2,3)",9086110
"72 St (B,C)",2343378
72 St (Q),6478996
77 St (6),6231273
79 St (1),3519664
"8 St-New York University (R,W)",3780675
"81 St-Museum of Natural History (B,C)",3531009
86 St. (1),3983729
"86 St. (4,5,6)",10472358
"86 St. (B,C)",2486809
86 St (Q),5443029
"96 St (1,2,3)",7856393
96 St (6),3760351
"96 St (B,C)",2133657
96 St (Q),3832205
Astor Place (6),3717074
"Bowery (J,Z)",887619
"Bowling Green (4,5)",4575586
"Broad St (J,Z)",1214353
"Broadway-Lafayette St (B,D,F,M)/Bleecker St (6)",9268403
"Brooklyn Bridge-City Hall (4,5,6)/Chambers St (J,Z)",5881022
Canal St (1),1148885
"Canal St (A,C,E)",3950546
"Canal St (J,N,Q,R,W,Z,6)",10521747
Cathedral Pkwy-110 St (1),2898816
"Cathedral Pkwy-110 St (B,C)",1684290
"Central Park North-110 St (2,3)",1598022
"Chambers St (1,2,3)",3782605
"Chambers St (A,C)/WTC (E)/Park Place (2,3)/Cortlandt (R,W)",12298422
Christopher St-Sheridan Sq (1),2817379
"City Hall (R,W)",1138401
"Delancey St (F)/Essex St (J,M,Z)",7083681
Dyckman St (1),1512897
Dyckman St (A),1306098
East Broadway (F),3729749
Franklin St (1),1329726
"Fulton St (A,C,J,Z,2,3,4,5)",17887203
"Grand Central-42 St (S,4,5,6,7)",30517475
"Grand St (B,D)",5821650
Harlem-148 St (3),679539
Houston St (1),2749660
Inwood-207 St (A),1632951
"Lexington Av (N,Q,R)/59 St (4,5,6)",11691818
"Lexington Av-53 St (E,M)/51 St (6)",11339465
"Lexington Av-63 St (F,Q)",3736349
Marble Hill-225 St (1),1067679
"Prince St (R,W)",3128710
Rector St (1),1606245
"Rector St (R,W)",1127341
Roosevelt Island (F),1686544
"South Ferry (1)/Whitehall St (R,W)",5995305
Spring St (6),2969643
"Spring St (C,E)",2941927
"Times Sq-42 St (N,Q,R,S,W,1,2,3,7)/42 St (A,C,E)/Bryant Pk (B,D,F,M)/5 Av (7)",54266441
"Wall St (2,3)",3729954
"Wall St (4,5)",3393094
"West 4 St-Washington Sq (A,B,C,D,E,F,M)",10011362
WTC Cortlandt (1),3358064
103 St-Corona Plaza (7),6460459
104 St (A),363436
"104 St (J,Z)",591761
111 St (7),2098984
111 St (A),466344
111 St (J),453695
"121 St (J,Z)",476966
169 St (F),1627817
21 St (G),448606
21 St-Queensbridge (F),1579379
"30 Av (N,W)",3015519
33 St-Rawson St (7),1714912
"36 Av (N,W)",1475603
"36 St (M,R)",769239
"39 Av (N,W)",805613
40 St-Lowery St (7),2189736
"46 St (M,R)",1662115
46 St-Bliss St (7),2903856
52 St (7),1402690
"63 Dr-Rego Park (M,R)",3033839
"65 St (M,R)",729908
"67 Av (M,R)",1658341
69 St (7),1391674
"74-Broadway (7)/Jackson Hts-Roosevelt Av (E,F,M,R)",14348691
"75 Av (E,F)",683707
"75 St-Elderts Ln (J,Z)",403508
80 St (A),898594
82 St-Jackson Hts (7),2722243
85 St-Forest Pkwy (J),829926
88 St (A),576816
90 St-Elmhurst Av (7),4476908
Aqueduct Racetrack (A),202474
Aqueduct-North Conduit Av (A),162584
"Astoria Blvd (N,W)",2350512
"Astoria-Ditmars Blvd (N,W)",3234661
"Beach 105 St (A,S)",62878
Beach 25 St (A),318542
Beach 36 St (A),170361
Beach 44 St (A),140167
Beach 60 St (A),355668
Beach 67 St-Arverne By The Sea (A),474975
"Beach 90 St (A,S)",172663
"Beach 98 St (A,S)",97689
"Briarwood-Van Wyck Blvd (E,F)",1046884
"Broad Channel (A,S)",52378
"Broadway (N,W)",2763230
"Court Sq (E,G,M,7)",5381184
"Elmhurst Av (M,R)",2676734
Far Rockaway-Mott Av (A),852781
Flushing-Main St (7),13876213
Forest Av (M),923548
"Forest Hills-71 Av (E,F,M,R)",5509732
Fresh Pond Rd (M),1195169
"Grand Av-Newtown (M,R)",3893242
Howard Beach-JFK Airport (A),826955
Hunters Point Av (7),1039399
"Jamaica Center-Parsons-Archer (E,J,Z)",5715839
Jamaica-179 St (F),3944828
Jamaica-Van Wyck (E),1010728
Junction Blvd (7),6720760
"Kew Gardens-Union Turnpike (E,F)",5016215
Mets-Willets Point (7),1818251
Middle Village-Metropolitan Av (M),798449
"Northern Blvd (M,R)",1400392
Ozone Park-Lefferts Blvd (A),1285335
Parsons Blvd (F),1584984
"Queens Plaza (E,M,R)",3645653
"Queensboro Plaza (N,W,7)",3573523
Rockaway Blvd (A),1519523
"Rockaway Park-Beach 116 St (A,S)",132504
Seneca Av (M),617361
"Steinway St. (M,R)",2730057
Sutphin Blvd (F),882617
"Sutphin Blvd-Archer Av-JFK Airport (E,J,Z)",5941974
Vernon Blvd-Jackson Av (7),3631659
"Woodhaven Blvd (J,Z)",557522
"Woodhaven Blvd (M,R)",4237180
Woodside-61 St (7),4222161
Bronx,82306692
Systemwide Adjustment,
System Total,1151998158
"* MTA New York City Transit Temporary Station Closings, 2018-2023",
